locations,count
new york,5482
florida,1659
palm beach,1327
united states,925
s.d.n.y.,704
west palm beach,655
new mexico,637
southern district of new york,457
nym,379
manhattan,305
france,296
london,261
pbi,257
"new york, ny",256
miami,252
paris,244
palm beach county,240
ny,233
united kingdom,208
california,197
jfk,196
new jersey,185
new york city,185
denver,183
fl,182
e.d.n.y.,172
southern district of florida,168
teb,158
colorado,151
"denver, co",151
teterboro,135
shu,125
unknown airport,125
"st thomas, vi",125
40 foley square,124
england,122
"washington, d.c.",119
usa,118
santa fe,114
cmh,110
new hampshire,107
saf,105
nyc,104
2d cir.,100
tist,98
brooklyn,95
ataturk,91
ist,90
pennsylvania,88
northeast region,88
ohio,86
st. thomas,85
"washington, dc",84
358 el brillo way,84
georgia,79
u.s. virgin islands,77
massachusetts,77
cdg,77
texas,75
"west palm beach, fl",75
white plains,74
onondaga,73
courthouse,72
us,72
los angeles,71
mcc,71
albuquerque,69
royal palm beach high school,69
el brillo way,65
john f kennedy intl,65
virginia,64
newark,64
mcc new york,64
thailand,63
tcb,63
virgin islands,62
ewr,62
canada,61
chicago,58
ca,58
newark international,57
mar-a-lago,56
new york mcc,53
uk,51
interlochen,51
palm beach lakes blvd.,51
foley square,50
lfpb,50
dca,50
bronx,49
co,49
district of columbia,48
mdc,48
fort lauderdale,47
w.d.n.y.,46
san francisco,46
connecticut,46
orly,46
atl,46
9 south shu,46
housing units,46
u.s.,45
maryland,45
xxx,45
arizona,44
boston,43
bed,42
n.y.,41
orlando,41
epstein's house,41
illinois,40
thurgood marshall united states courthouse,40
u.k.,40
michigan,39
new york ny,39
jfk airport,38
d. conn.,38
500 pearl street,38
sdny,38
phx,38
457 madison ave,38
israel,37
philadelphia,37
united states courthouse,37
eastern district of new york,37
tallahassee,37
"paris, ch. de gaulle",37
washington,36
cyril e king,36
southern district,35
kinnerton street,35
d.d.c.,35
atlanta,35
palm beach gardens,35
358 el brillo,35
jax,35
"denver, colorado",34
columbus,34
pittsburgh,34
las vegas,34
europe,34
150 park row,34
mexico,33
"housing unit, special (shu)",33
bos,33
tgb,33
bronxville,32
thurgood marshall u.s. courthouse,32
royal palm beach,32
tst,32
courtroom,31
alaska,31
ewrory,31
rhode island,30
delaware,30
upper east side,30
daniel patrick moynihan courthouse,30
westchester,29
"palm beach, fl",29
vny,29
"w palm bch, fl",29
houston,28
st thomas,28
"housing units, general population",28
7 north,28
11 south,28
5 south,28
nevada,27
district,27
dc,27
africa,27
broadway,26
eastern district,26
usvi,26
palm beach international airport,26
abq,26
lon,26
11 north,26
oregon,25
utah,25
hawaii,25
nj,25
el brillo,25
ch. de gaulle,25
isp,25
9 north,25
9south,25
shu #1,25
shu #4,25
zorro ranch,24
san diego,24
sdfl,24
n.d. cal.,24
loxahatchee,24
ory,24
7 south,24
5 north,24
eggw,24
second circuit,23
jacksonville,23
wpalmbeach fl,23
st thomas is.-h s truman airport,23
shu #2,23
lna,23
new york ny 10022-6843 us,23
louisiana,22
toronto,22
puerto rico,22
switzerland,22
traverse city,22
america,22
mia,22
9 east 71st street,21
"orlando, fl",21
"san francisco, ca",21
wellington,21
457 madison avenue,21
metropolitan correctional center,21
unit 2,21
italy,20
oxford,20
united states of america,20
"san diego, ca",20
seattle,20
"chicago, il",20
"newport beach, ca",20
germany,20
s.d. fla.,20
bgr,20
muc,20
44 kinnerton street,19
kentucky,19
stt,19
mvy,19
pbe,19
san,19
maine,18
e.d. pa.,18
tennessee,18
new york state,18
dallas,18
"baltimore, md",18
phoenix,18
dutchess,18
"miami, fl",18
mall,18
"paris, orly",18
shu #3,18
fll,18
metropolitan detention center,18
sav,18
belgravia,17
south africa,17
madison avenue,17
d.c.,17
ireland,17
missouri,17
rockland,17
putnam,17
orange,17
lake worth,17
royal palm,17
es,17
10 south upper,17
"estill, sc",17
britain,16
australia,16
"arlington, va",16
40 centre street,16
"providence, ri",16
little st. james island,16
house,16
kteb,16
unit 3,16
internal #2,16
cyqx,16
iad,16
"los angeles, ca",15
71st street,15
caribbean,15
"new orleans, la",15
sweden,15
"seattle, wa",15
boca raton,15
montgomery county,15
"west palm beach, florida",15
iran,15
queens ny,15
lax,15
10 south #1,15
lcq,15
pmp,15
east 71st street,14
wisconsin,14
state,14
scotland,14
oklahoma,14
palm beach residence,14
"newark, intl airport",14
cooper city,14
long island macarthur,14
madison ave,14
fxe,14
beekman hospital,14
opf,14
mcc ny,14
special housing unit,14
osp #1,14
saudi arabia,14
dfw,14
ase,14
mdw,14
district of new jersey,14
farmington,14
hobbs,14
amsterdam,13
stanley,13
united states virgin islands,13
teterboro airport,13
s.d.n.y,13
different states,13
"tampa, fl",13
"charlottesville, va",13
minnesota,13
ontario,13
montreal,13
country,13
austin,13
aspen,13
little st. james,13
65th street,13
hpn,13
par,13
coney island,13
tvc,13
lga,13
5th cir.,12
n.d.n.y.,12
nags head pub,12
10th cir.,12
newport beach,12
va,12
epstein's residence,12
quantico,12
"new york, new york",12
austria,12
nashville,12
la,12
court,12
vietnam,12
third floor,12
marion oh,12
rivera beach,12
lake worth fl,12
ba,12
nycec08aa,12
lobby,12
local hospital,12
act lt,12
brazil,12
asc,12
mry,12
calif.,12
barker avenue,11
vermont,11
irvine,11
reno,11
"boston, ma",11
iowa,11
"springfield, mo",11
ga,11
"ft. lauderdale, fl",11
wales,11
guam,11
84th street,11
ny zone 1 ny,11
bahama lane,11
wilmington,11
visit #2,11
control #2,11
aby,11
bcd,11
bkl,11
paramus,11
baltimore,10
north carolina,10
6th cir.,10
spain,10
riverside county,10
hollywood,10
south carolina,10
jail,10
york,10
d.n.m.,10
wa,10
"las vegas, nv",10
charlottesville,10
new orleans,10
"thousand oaks, ca",10
"atlanta, ga",10
long island,10
washington d.c.,10
"miami, florida",10
san antonio,10
c.d. cal.,10
east building,10
pb,10
this country,10
stanhope mews,10
ranch,10
"palm beach, florida",10
nwyrcyzn01 ny,10
okeechobee blvd.,10
verizon,10
cell #4,10
10 south #2,10
10-south,10
lpaz,10
cps,10
mississippi,9
d. vt.,9
st. louis,9
quebec,9
new zealand,9
suffolk,9
hong kong,9
honolulu,9
pa,9
cheltenham,9
palm beach county courthouse,9
sullivan,9
queens,9
düsseldorf,9
palm beach island,9
"teterboro, new jersey",9
miami fl,9
peterboro,9
canopy beach resort,9
brillo way,9
high ridge,9
oryewr,9
gs,9
atty conf,9
lobby #2,9
warden conference room,9
new england,9
european union,9
jrb,9
lake worth rd,9
detroit,8
one saint andrew's plaza,8
3d cir.,8
portland,8
d.n.j.,8
69th street,8
denmark,8
d. kan.,8
netherlands,8
japan,8
the netherlands,8
ma,8
cambridge,8
nv,8
il,8
"minneapolis, mn",8
"phoenix, az",8
albany,8
"philadelphia, pa",8
tx,8
ottawa,8
nassau,8
az,8
"kingston, ri",8
9th cir.,8
mdc brooklyn,8
u.s.a.,8
8th cir.,8
colombia,8
bear lake estates,8
new,8
honolulu hi,8
"thomas, vi",8
san juan,8
vi,8
jfkcdg,8
cdgjfk,8
kpbi,8
nice,8
institution,8
control #1,8
district court,8
miv,8
las,8
new york ny 10022 us,8
test,8
lfmn,8
yugoslavia,8
boynton beach,8
riverside cty.,7
kensington,7
nebraska,7
prison,7
india,7
tokyo,7
sacramento,7
"portland, or",7
"honolulu, hi",7
new york county,7
sullivan counties,7
n.d. ill.,7
orange county,7
d. me.,7
"armonk, ny",7
delray beach,7
kansas,7
edny,7
n.j.,7
e.d. va.,7
the island,7
milan,7
disneyland,7
west palm,7
north,7
canton,7
"palm beach, international",7
"cyril e king, intl",7
coconut grove,7
358 el brillo wy,7
harvard,7
tally,7
indonesia,7
front lobby,7
nce,7
kitchen area,7
special housing unit z05-cell 124 l,7
central office,7
china,7
mynn,7
ack,7
ilg,7
ism,7
tampa,6
danbury,6
d.c. cir.,6
1st cir.,6
the silvio j. mollo building,6
colo.,6
santa monica,6
"fort lauderdale, fl",6
east 65th street,6
7th cir.,6
cal.,6
"dallas, texas",6
"montgomery, al",6
central florida,6
dublin,6
"quantico, va",6
"mahwah, nj",6
stockholm,6
vancouver,6
oklahoma city,6
"irvine, ca",6
minneapolis,6
"los angeles, california",6
jury room,6
"daytona beach, fl",6
"tucson, az",6
"london, england",6
"st. paul, mn",6
washington dc,6
"long beach, ca",6
montana,6
palm springs,6
15th judicial circuit,6
russia,6
"binghamton, ny",6
paducah,6
59th street,6
master bedroom,6
tower 1515,6
jupiter,6
newyorkzn1 ny,6
orange park,6
brooklyn ny,6
1515 south flagler dr.,6
3238 gun club rd.,6
3228 gun club rd.,6
chattin drive,6
"cooper city, fl",6
north miami beach,6
wab-usms-sdny,6
gn,6
en,6
hk1,6
laundry room,6
main facility,6
federal medical center,6
shu m-tier cell 124,6
internal,6
d.n.h.,6
tncm,6
bct,6
pvd,6
tad,6
ny office,6
flu,6
day,6
district of new mexico,6
cyjt,6
lal,6
lsj,6
las cruces,6
taos,6
palm beach police station,6
bossier city,6
hotel california,5
indiana,5
500 pearl,5
madrid,5
court house,5
columbia,5
athens,5
nm,5
third avenue,5
eastern districts of new york,5
"albuquerque, new mexico",5
"baltimore, maryland",5
"nashville, tn",5
kan.,5
"san antonio, tx",5
hartford,5
vt,5
lebanon,5
"quantico, virginia",5
"houston, texas",5
"corning, ny",5
cincinnati,5
or,5
"toronto, ontario, canada",5
utrecht,5
"hillsdale, nj",5
berlin,5
cleveland,5
oh,5
"sarasota, fl",5
"toronto, canada",5
"rockville, md",5
boulder,5
in,5
"cambridge, ma",5
gloucester,5
md,5
nc,5
"fort lauderdale, florida",5
beverly hills,5
fort pierce,5
northern district of georgia,5
circuit,5
flsd,5
jeffrey epstein's house,5
intracoastal waterway,5
bangor,5
"traverse city, michigan",5
island,5
charles de gaulle,5
pou,5
airport,5
central park,5
south county road,5
ft. lauderdale,5
waleska,5
w angeles ca,5
358 el brillo avenue,5
county road,5
1515 south flagler drive,5
lynn university gym field,5
"royal palm beach, florida",5
wpalm beach fl,5
beach,5
lhr,5
south,5
301 e 66th st 10n,5
palm beach country estates,5
marion,5
498 chattin drive,5
school,5
belle glade,5
military trail,5
north ocean blvd,5
kpi,5
3 sally off,5
de,5
gp,5
9s,5
parnyc,5
kn,5
hospital,5
11 south #2,5
dry cell,5
l tier,5
"new york, ny 10007",5
e.d.n.y,5
d.p.r.,5
bradford,5
n.m.,5
d. mass.,5
ads,5
mep,5
mfa,5
vnc,5
luk,5
eidw,5
cho,5
mow,5
middle east,5
courtroom 518,5
eastern district of pennsylvania,5
el brillo wy,5
travers,5
ga.,5
lake city,5
store,5
jeff's house,5
ipanema,5
south florida,5
pa.,5
11th cir.,4
little saint james,4
jersey,4
st. john,4
4th cir.,4
nassau county,4
seventh circuit,4
fifth avenue,4
5th cir,4
minn.,4
pearl street,4
wall street,4
"lake mary, fl",4
long beach,4
w.d. va.,4
"salt lake city, utah",4
"boca raton, fl",4
"huntington, wv",4
"rochester, ny",4
alabama,4
south korea,4
madison,4
charlotte,4
mo,4
"alexandria, va",4
"destin, fl",4
"santa ana, ca",4
cuba,4
"san diego, california",4
"boston, massachusetts",4
"san antonio, texas",4
"coronado, ca",4
"vancouver, canada",4
"austin, tx",4
"maitland, fl",4
"oxford, uk",4
halifax,4
bloomington,4
waco,4
"pittsburgh, pa",4
"wilmington, de",4
"kansas city, mo",4
"schaumburg, il",4
boise,4
manchester,4
"asheville, nc",4
1 st. andrews plaza,4
norway,4
"peoria, il",4
"white plains, ny",4
"salt lake city, ut",4
states,4
key west,4
san jose,4
jamaica,4
dutchess county,4
e.d.pa.,4
"vista, california",4
"oxford, england",4
colo,4
arkansas,4
"paducah, ky",4
state court,4
west virginia,4
palm beach county jail,4
miami-dade,4
okeechobee,4
uniondale,4
new york 10007,4
world,4
n.d. tex.,4
columbus circle,4
granada,4
morocco,4
luton,4
worth avenue,4
pool,4
kinnerton,4
the breakers,4
east 66th street,4
garden room,4
van nuys,4
44 kinnerton,4
green lake lodge,4
disney,4
south of france,4
pompano beach,4
east 69th street,4
cahokia,4
met,4
museum,4
the ranch,4
stephenville,4
457 madison,4
maxwell's house,4
midtown,4
ranch central,4
high school,4
highway 140,4
crissler street,4
gregory lane apartments,4
bells ferry rd,4
air martinique,4
palm beach fl,4
talli,4
jfk - john f kennedy intl,4
"palm beach gardens, fl",4
358 el-brillo,4
"teterboro, airport",4
liberty,4
heathrow intl,4
london / heathrow intl,4
royal pal beach high school,4
bathroom,4
ross department store,4
lox,4
200 bahama ln,4
"lake worth, fl",4
"palm beach county, florida",4
attorney visiting area,4
hk2,4
hosp,4
mht,4
fr,4
l-tier,4
visit strip room,4
hk,4
sea gate,4
lafayette high school,4
nycec0103,4
za,4
phone rm 2,4
g tier,4
the bronx,4
2nd circ.,4
hague,4
3rd cir.,4
encino,4
concord,4
"encino, california",4
la pasada halfway house,4
qatar,4
home,4
cyul,4
unnt,4
vhhh,4
cos,4
acy,4
eyw,4
4th floor,4
lnp,4
jan,4
tex,4
dab,4
gmtt,4
chl,4
st. thomas vi,4
mip,4
tss,4
fxc,4
lsgg,4
sfo,4
lgf,4
zorro,4
saez,4
eleventh circuit,4
lcl,4
d.s.c.,4
"north plains, or",4
richmond county,4
courtroom 24b,4
south dakota,4
courtroom 906,4
"tallahassee, florida",4
staten island,4
gallup,4
santa teresa,4
ruidoso downs,4
bernalillo,4
sin city,4
san juan pueblo,4
englewood,4
rancho santa fe,4
carlsbad,4
"jacksonville, florida",4
ruidoso,4
wellington mall,4
new castle,4
jersey city,4
el paso,4
palm desert,4
palm beach gardens mall,4
west coast,4
fci danbury,3
centre street,3
duane,3
"bronxville, new york",3
bronx village,3
n.h.,3
winslow,3
bronx county,3
parkview drive,3
epstein's island,3
e.d. wis,3
"winslow, arizona",3
ann arbor,3
"hallendale, fla.",3
guantanamo,3
americas,3
oakland,3
bear lakes,3
riverside cnty.,3
e.d. tenn.,3
"ann arbor, mi",3
county,3
portugal,3
hillsdale,3
buffalo,3
burlington,3
santa barbara,3
fullerton,3
berkeley,3
omaha,3
sarasota,3
chile,3
williamsburg,3
afghanistan,3
"san francisco, california",3
conn.,3
"stamford, ct",3
vista,3
alexandria,3
"new orleans, louisiana",3
"atlanta, georgia",3
"lexington, ma",3
wash dc,3
fl.,3
"annapolis, md",3
"new haven, ct",3
chichester,3
tucson,3
"cleveland, ohio",3
"guilford, ct",3
frg,3
kansas city,3
uci,3
"berkeley, ca",3
"london, uk",3
"newark, nj",3
"scottsdale, az",3
tacoma,3
wv,3
tn,3
jefferson county,3
salt lake city,3
birmingham,3
anchorage,3
this district,3
"montreal, canada",3
"reno, nevada",3
"seattle, washington",3
"bethesda, md",3
pasadena,3
"reno, nv",3
calgary,3
anaheim,3
"cleveland, oh",3
louisville,3
"oakland, ca",3
"new brunswick, nj",3
queens county,3
westchester county,3
mn,3
bethesda,3
scottsdale,3
guestrooms,3
nev.,3
rome,3
d. conn,3
northern mariana islands,3
west,3
pepperdine,3
lexington avenue,3
city of west palm beach,3
n.d. ohio,3
broward,3
monroe,3
martin,3
st. lucie,3
indian river,3
highlands,3
foreign countries,3
british,3
county jail,3
pool house,3
69 stanhope mews east,3
north palm beach,3
bedford,3
lake room,3
epstein's office,3
el,3
"newark, intl ap terminal c",3
411 christopher court,3
old donaldson,3
the cut,3
16745 west downers drive,3
south tech,3
airport hanger 2,3
slovakia,3
lm beach,3
ocean,3
345 s. county road,3
chtamstths vi,3
maui,3
ab52-ins-jfk airport,3
ny zone 1,3
"park, fl",3
cherokee,3
ta,3
carrabas,3
sju,3
"palm beach gardens, florida",3
358 e1 brillo,3
mcc special housing unit,3
12 atty conf,3
2 unit 2,3
8 shu #2,3
lon1a0955,3
local er,3
sea,3
"charlotte amalie-st thomas, vi",3
psychology observation,3
shower areas,3
visit #3,3
9-south 206-220,3
gym area,3
attorney visiting,3
mcc-ny,3
"new york, n.y.",3
rec officer #1,3
shu lt,3
sis lt,3
ops lt,3
escort #2,3
white house,3
health services,3
newyork mcc,3
general population,3
laundry area,3
"interlochen, michigan",3
etats-unis d'amérique,3
congo,3
m.d. fla.,3
etats-unis,3
kan,3
guadeloupe,3
northern district of california,3
saudi,3
algeria,3
belgique,3
royaume-uni,3
st kitts-nevis,3
jail facility,3
mgm,3
essa,3
hou,3
abe,3
grs,3
orl,3
red hook,3
einn,3
st. thomas 00802 vi,3
f45,3
aybq,3
crawford street,3
pbs,3
hto,3
pdk,3
villard house,3
jrb/stt,3
ilc,3
red hook quarters,3
lcgr,3
isb,3
egbb,3
oahu,3
lfpg,3
gmtj,3
acg,3
sac,3
den,3
bur,3
broward county,3
oqu,3
gai,3
mdp,3
myef,3
sat,3
bvy,3
psp,3
atw,3
hwo,3
gwr,3
apf,3
bbi,3
rsw,3
sbeg,3
sbgl,3
palm beach lakes,3
rikers island,3
"york, ny",3
poland,3
new york residence,3
state of florida,3
middle district of pennsylvania,3
hackensack,3
"san diego, calif.",3
"delray bch, fl",3
jupiter fl,3
lake clarke shores,3
charlotte nc,3
palm bch fl,3
palm beach mall,3
"rantoul, illinois",3
pbt,3
palm beach gardens campus,3
lake clark shores,3
breakers row,3
"parsippany, nj",3
mexico city,3
brussels,3
sable palm,3
pompano,3
idaho,3
rapid city,3
"hialeah, florida",3
gym,3
lexington,3
okeechobee blvd,3
new albany,3
la.,3
358 dr el brillo wy,3
d.mass.,2
hudson,2
norfolk county,2
"eastchester, new york",2
duane street,2
e. afr.,2
afghan,2
116 east 65th street,2
yonkers,2
new rochelle,2
eagle county,2
mineola,2
international waters,2
hinsdale,2
"bronxville, ny",2
columbus airport,2
16 parkview drive,2
dlc,2
51st street,2
epstein's properties,2
kazakhstan,2
almaty,2
2d cir,2
m.d. ala,2
epstein's townhouse,2
abu ghraib,2
duke university,2
"troy, michigan",2
hampton,2
west palm beach international airport,2
lincoln's inn fields,2
norfolk city,2
mar-a-lago hotel,2
the plaza,2
s.d. miss.,2
hudson yards,2
hamptons,2
southern districts of new york,2
courtroom 9c,2
jury assembly room,2
"philadelphia, pennsylvania",2
"titusville, florida",2
"gainesville, fl",2
harrisburg,2
"chichester, england",2
"orange county, ca",2
exeter,2
"jefferson, nc",2
"hunt valley, md",2
arlington,2
rockland county,2
"birmingham, alabama",2
tel-aviv,2
monterey,2
stony brook,2
korea,2
santiago,2
"boulder, co",2
"doha, qatar",2
indianapolis,2
"northbrook, il",2
"albany, new york",2
"coronado, california",2
tex.,2
w.d. okla.,2
"hoboken, nj",2
santa rosa,2
asia,2
north durban,2
south afr ca,2
"scottsdale, arizona",2
"orlando, florida",2
"birmingham, al",2
dutch,2
"sydney, australia",2
"pasadena, ca",2
ca.,2
"white sulphur springs, wv",2
"montreal, quebec, canada",2
hamburg,2
800 third avenue,2
erie county,2
hove,2
basel,2
"jacksonville, fl",2
"coconut grove, fl",2
"shreveport, la",2
"apopka, fl",2
north america,2
"johnston, ri",2
"north kingstown, ri",2
naples,2
greensboro,2
"cross city, florida",2
"jensen beach, fl",2
"stanford, ca",2
"monterey, ca",2
johannesburg,2
"lyon, france",2
hi,2
"san jose, ca",2
"vista, ca",2
"napa, ca",2
"dallas, tx",2
"madrid, spain",2
suffolk county,2
"memphis, tn",2
"boise, id",2
tallinn,2
estonia,2
providence,2
ri,2
harris county,2
"hove, uk",2
lee county,2
great britain,2
adams county,2
douglas county,2
"richmond, va",2
"kalispell, mt",2
"wash, dc",2
"easton, ma",2
"new london, ct",2
"indianapolis, in",2
fresno,2
palo alto,2
riverside,2
glasnevin,2
savannah,2
san diego county,2
"cincinnati, oh",2
"weehawken, nj",2
"detroit, mi",2
"greensboro, nc",2
"anaheim, ca",2
"sun valley, id",2
rwanda,2
lisse,2
"princeton, nj",2
"santa barbara, ca",2
"chattanooga, tn",2
"longwood, fl",2
"altamonte springs, fl",2
"national harbor, md",2
durham,2
"miami beach, fl",2
stamford,2
"middletown, ri",2
"hartford, ct",2
epstein's home,2
santa ana,2
spokane,2
arapahoe county,2
"dayton, oh",2
mcmartin school,2
yale,2
"championsgate, fl",2
"st. petersburg beach, fl",2
ill.,2
thurgood marshall courthouse,2
edinburgh,2
colorado springs,2
tempe,2
ky,2
new brunswick,2
costa mesa,2
s.d. fla,2
"madison, wisconsin",2
counsel table,2
jury box,2
"foster city, ca",2
"boulder county, colorado",2
"arapahoe county, colorado",2
clark county,2
"hollywood, fl",2
"fairfield, ct",2
"cranston, ri",2
lake tahoe,2
lake buena vista,2
coventry,2
kent,2
canterbury,2
seminole county,2
n.y. sup. ct.,2
"east providence, ri",2
"bethesda, maryland",2
"cambridge, england",2
knoxville,2
nz,2
rochester,2
church,2
schools,2
e.d. mich.,2
"st. louis, mo",2
"springfield, il",2
"chichester, uk",2
"wellington, new zealand",2
"stony brook, new york",2
"reno, nevada, usa",2
"tempe, arizona",2
m.d. pa.,2
alberta,2
miami beach,2
stockade,2
federal district court,2
new haven,2
s.d. ala.,2
white plains division,2
manhattan division,2
cheltenham township,2
foreign country,2
college,2
575 lexington avenue,2
"coleman, fl",2
new york 10022,2
or.,2
kings,2
richmond counties,2
pbia,2
gulf stream,2
townhouse,2
studio apartment,2
scandinavia,2
northern europe,2
sequoia drive,2
office,2
highway 41,2
covington,2
sacramento county,2
atlantic city,2
upper east side of manhattan,2
the met,2
midway,2
aspen airport,2
66th street,2
9 east 71st,2
nags pub,2
little st. jeff,2
tangiers,2
quito,2
ecuador,2
balcony,2
forest hill boulevard,2
20 east 66th street,2
114 east 84th street,2
east 81st street,2
east 62nd street,2
jeff epstein's house,2
alpha 263,2
addison,2
intercoastal lake way,2
bear lake,2
mr. epstein's residence,2
jeffrey epstein's residence,2
little saint jeffs,2
virginia house,2
interlochen center for the arts,2
epstein home,2
palma way,2
maxwell's townhouse,2
east 69th,2
"wilmington, delaware",2
fifth floor,2
"st. thomas, u.s. virgin islands",2
epstein scholarship lodge,2
301 east 66th street,2
bronx zoo,2
mcwhorter dorm,2
residence,2
kinnerton address,2
west palm beach airport,2
breakers,2
ucla,2
charlotte amalie,2
third floor closet,2
"69 stanhope mews east, london",2
"44 kinnerton street, london",2
bear lakes estate,2
newark airport,2
akron,2
wellington high school,2
survivors charter school,2
st. thomas virgin islands,2
john f. kennedy international,2
fifth floor of the residence,2
geneva,2
maddy administration building,2
west gate,2
four seasons,2
no. 9 east 71st street,2
stratford,2
pb gardens,2
lodge,2
soho,2
east windsor,2
paris-lebourget,2
1902 115 south flagler drive,2
the nags head pub,2
69 stanhope mews,2
st. trinian's,2
village,2
staff room,2
immigration sites,2
cannes film festival,2
john f. kennedy international airport,2
59th,2
new amsterdam theater,2
88th street,2
81st street,2
64th street,2
elementary school,2
dmv office,2
yarmouth drive,2
el norte,2
gville,2
l g hanscom field,2
russian,2
n. ocean blvd.,2
cambridge ma,2
205 north dixie highway,2
australian avenue south,2
358 el bello,2
525 south sequoia,2
new albany oh,2
flagler,2
peru,2
newark nj,2
towers condominium,2
henderson,2
gretnala,2
centennial,2
desk,2
dorm,2
delray bch fl,2
daytona,2
"st. thomas, vi",2
beef island,2
gun club road west palm beach fl,2
palm beac county,2
l.a.,2
"cyril e king, intl airp",2
1515 south flager drive,2
cherry hill,2
fra,2
cancun,2
"1515 south flagler dr., apt. 1901, west palm beach, florida",2
santa,2
stonington wy,2
marshall's,2
ks,2
1 battery park plaza,2
lk2,2
3 epo office,2
8 11 south,2
attorney conference area,2
phi,2
10 lobby,2
phl,2
mpa area,2
new york presbyterian hospital,2
mucww21td,2
hkg,2
lower manhattan er,2
kbct,2
suicide cell #4,2
opp,2
bom,2
visit #1,2
bog,2
n-1,2
ncepi2afn,2
attorney visit area,2
lieutenant's office,2
tier h,2
ny downtown hospital,2
communication room,2
food cart,2
sw/hospital,2
9s area,2
mdpp,2
virgin gorda,2
rear gate,2
community hospital,2
jfkory,2
oryjfk,2
af,2
2nd floor,2
recreation area,2
wcr,2
late relief,2
"ray brook, ny",2
receiving and discharge,2
attorney conference room,2
tool room,2
bpt,2
treaty 1,2
treaty 2,2
treaty lt,2
tnwdvr,2
us custom house,2
mr-7,2
pennsylvania avenue nw,2
"150 park row, ny 10007",2
escort #1,2
ny region,2
shu officers' station,2
azerbaijan,2
northern michigan,2
southern district new york,2
"brooklyn, ny",2
"concord, nh",2
high court,2
house of lords,2
supreme court,2
french republic,2
états-unis d'amérique,2
la pasada,2
"new york, ny, us",2
red hook quarter,2
mco,2
engm,2
zuuu,2
zbaa,2
panc,2
zor,2
fok,2
oxc,2
jvx,2
jvy,2
bqm,2
ims,2
irw,2
hub,2
cys,2
izi,2
bmi,2
zis,2
plaza,2
queens gate,2
6100 red hook quarters,2
lce,2
frh,2
ahn,2
hso,2
dph,2
mnw,2
aly,2
st james's,2
sba,2
"hurst,tx",2
ama,2
oed,2
fdk,2
b05,2
ege,2
spi,2
lieo,2
gmmx,2
gmff,2
egaa,2
swf,2
w47,2
egcw,2
st thomas vi,2
"los angeles, ca intl",2
"miami intl, fl",2
bradley ap lax,2
cbp-miami,2
segu,2
stl,2
zrh,2
ncw,2
mmgt,2
clp,2
ril,2
dew,2
pns,2
cgbb,2
pdb,2
dgaa,2
dnaa,2
hryr,2
fqma,2
fact,2
fajs,2
red hook quarters #2,2
dal,2
kitchen,2
liml,2
lipr,2
palm beach fl 33480 us,2
lorno,2
tapa,2
6100 red hook quarter,2
american yacht harbor,2
fmy,2
urb,2
vrb,2
sln,2
gennevilliers cedex,2
457 madison ave fl 4,2
dusseldorf,2
gri,2
"lawrence, ks",2
mla,2
gmmg,2
tpa,2
piss,2
washbasin,2
bwi,2
ors,2
x21,2
tix,2
crg,2
sbf,2
tlpl,2
mpv,2
mbpv,2
mdpc,2
mtn,2
eiwf,2
molr,2
mbgt,2
cmb,2
peb,2
ict,2
sari,2
tncc,2
lgth,2
ax,2
mid,2
epstein residence,2
hfo,2
bzn,2
cny,2
rjta,2
zgsz,2
wsss,2
vtbd,2
wbsb,2
wrrr,2
vcbi,2
omdb,2
pds,2
lgx,2
esn,2
x31,2
lzu,2
ftk,2
lkpr,2
hvn,2
als,2
cymx,2
roc,2
fck,2
yip,2
mygf,2
tnm,2
sjc,2
49 zorro ranch road,2
t6b,2
mcn,2
27k,2
osu,2
juy,2
gnv,2
pru,2
mrs,2
steam room,2
smo,2
lgb,2
clg,2
ccr,2
sdf,2
jrb/par,2
tus,2
pbf,2
w. yorkshire,2
dnn,2
egym,2
egsh,2
sbgr,2
gvac,2
sap,2
10022-6843,2
east 71st st.,2
irak,2
great st. james island,2
22 avenue foch,2
middle district of florida,2
northern ireland,2
onandaga,2
central district,2
w.d. ky.,2
united states district court for the southern district of new york,2
the hague,2
turkey,2
cyprus,2
alamos,2
air,2
starbucks,2
"40 centre street, new york, ny 10007",2
"40 foley square, new york, new york",2
"546 fifth avenue, 6th floor",2
kings county,2
courtroom 110,2
"loxahatchee, florida",2
topeka,2
espanola,2
"el paso, texas",2
quarterdeck tavern,2
royal park bridge,2
el brillo road,2
helsinki,2
warsaw,2
ariz.,2
belen,2
tifton,2
del mar,2
glendale,2
5691 stonington wy,2
journeys,2
isleta pueblo,2
santa ana pueblo,2
eunice,2
rio rancho,2
bozeman,2
boulder river,2
622 holly drive,2
long lake,2
port st lucie,2
u.s.v.i.,2
"boynton beach, florida",2
6791 fairway lakes drive,2
11349 sw 86th lane,2
mescalero reservation,2
little rock,2
los lunas,2
dhaka,2
12247 72nd ct north,2
jordan,2
county of palm beach,2
czechoslovakia,2
bulgari,2
valentino,2
tiffany,2
galisteo,2
la guardia,2
port columbus,2
west windsor,2
loxahatche fl 33470,2
merion station,2
kenilworth,2
iraq,2
3228 gun club road west palm beach fl,2
358 dr,2
columbus oh,2
vienna,2
ft. myers,2
cowboys,2
"wellington, florida",2
deerfield beach,2
jicarilla reservation,2
portales,2
dead end,2
120th ave,2
12247 72nd court,2
358 dr el brillo,2
bartlesville,2
katonah,2
weston,2
key biscayne,2
park ridge,2
forest hills blvd,2
united nations,2
munich,2
el brillo house,2
anguilla,2
mason,2
lakeside,2
72nd place north,2
95,2
melville,2
grand prix,2
ocean blvd,2
city place,2
friday harbor,2
auburn hills,2
seoul,2
1071 kingsley road,2
"bethesda, md.",2
"tulsa, okla.",2
"branford, conn.",2
"austin, texas",2
"santa cruz, calif.",2
"palatine, ill.",2
"nashville, tenn.",2
"los angeles, calif.",2
"price, utah",2
"amarillo, texas",2
aventura,2
germantown,2
fifth,2
corrales,2
"los alamitos, calif.",2
"kayenta, ariz.",2
"tampa, fla.",2
brunei,2
princeton,2
whitehouse station,2
cabazon,2
san rafael,2
nw florida,2
east coast,2
south beach,2
caballo,2
zephyr cove,2
fort worth,2
palm beach lakes boulevard,2
burbank,2
artesia,2
purchase,2
atlantic intracoastal waterway,2
turnpike,2
parsippany,2
tenn.,2
west orange,2
beaumont,2
yamato road,2
polo center,2
hollister,2
s.d.,2
temecula,2
aztec,2
september 11,1
yale law sch.,1
valparaiso,1
hofstra,1
silicon valley,1
gers building,1
atlantic,1
first circuit,1
e.d. wash.,1
harv. int'l l.j.,1
appellate division,1
"calabasas, ca",1
d. nev.,1
duke,1
santa cruz,1
republic,1
wexner estate,1
hallendale,1
i-95,1
professional children's school,1
ndny,1
d.c.cir,1
d. minn,1
3d cir,1
"manhattanville, kentucky",1
park,1
nation,1
us virgin islands,1
st. little james,1
71st street townhouse,1
manhattanville,1
17th street,1
airedale avenue,1
mcc's 10 south,1
federal courthouse,1
willan,1
e.d. cal.,1
september 11th,1
"hallandale, fla.",1
52 duane,1
ala.,1
internet,1
mason dixon line,1
maisons laffitte,1
u.s. dist. court for c.d. cal.,1
st. james,1
high seas,1
"bristol, uk",1
d. colo.,1
belmont,1
bridgewater,1
atascadero,1
augusta,1
virginia beach,1
ward's island,1
"ossining, new york",1
"dubai, united arab emirates",1
"osage beach, mo",1
aruba,1
"anchorage, ak",1
"marin county, ca",1
neb,1
ok,1
"park city, ut",1
"buraimi, oman",1
"fes, morocco",1
"oxford, eng",1
"thousand oaks, ca.",1
university of ottawa,1
"lansing, michigan",1
"windsor, ontario",1
englewood cliffs,1
reading,1
taiwan,1
barcelona,1
monte carlo,1
monaco,1
olympia,1
pendleton,1
shelton,1
issaquah,1
seaside,1
chico,1
butte,1
charleston,1
santa clara,1
nh,1
"traverse city, mi",1
"ames, ia",1
"windsor, ontario canada",1
milwaukee,1
conway,1
springfield,1
"bronx, new york",1
melbourne,1
howey-in-the-hills,1
"nashville, tennessee",1
"crystal city, virginia",1
"anaheim, california",1
"oklahoma city, ok",1
"abbott park, il",1
"fort worth, tx",1
doylestown,1
napa valley,1
wake county,1
new carolina,1
laredo,1
lincoln,1
"weirton, west virginia",1
"cincinnati, ohio",1
"baraboo, wisconsin",1
"rosemead, ca",1
"florham park, nj",1
"stanford, calif.",1
kwaz u-natal,1
"university park, pa",1
d. or.,1
"banff, alberta, canada",1
"mexico city, mexico",1
"fairfax, virginia",1
"rochester, new york",1
"savannah, georgia",1
"wheeling, west virginia",1
"minneapolis, minnesota",1
"dekalb county, georgia",1
"albuquerque, nm",1
"milwaukee, wisconsin",1
rye,1
federal court,1
"morgantown, wv",1
"dearborn, mi",1
"peach tree city, ga",1
me.,1
fifth circuit,1
ninth circuit,1
tenth circuit,1
eighth circuit,1
tunisia,1
"vancouver, bc",1
"yokohama, japan",1
"la, ca",1
"bogota, columbia",1
huntington beach,1
"reading, england",1
"berlin, germany",1
san fran,1
"sacramento, ca",1
ms.,1
argentina,1
canberra,1
nv.,1
"san francisco,",1
"haifa,",1
"prague, czech",1
n.d. cal,1
"cambridge, uk",1
brooklyn district,1
new york city campus,1
antwerpen,1
bucharest,1
bonn,1
klostergut jakobsberg,1
federal republic of germany,1
"west haven, ct",1
"meriden, ct",1
"hauppaugue, ny",1
"lansing, mi",1
"malden, ma.",1
coimbra,1
"hauppauge, ny",1
"sussex, england",1
"dordrecht, netherlands",1
"albany, ny",1
poughkeepsie,1
ossining,1
mt. vernon,1
san bruno,1
"piscataway, nj",1
"atlantic highlands, nj",1
jerusalem,1
braunschweig,1
soesterberg,1
brighton,1
maratea,1
"glasgow, scotland",1
"the pacific club, ca",1
"clacton county high school, england",1
"sheffield, england",1
"hatfield, england",1
"ft. lauderdale, fl.",1
"cape town, south africa",1
"villa gillet, lyon, france",1
davis,1
"edinburgh, scotland",1
stockholm 2013,1
"berkeley, ca.",1
"melbourne, australia",1
"columbia, mo",1
"irvine, ca.",1
"stockholm, sweden",1
uc-irvine,1
via skype,1
uci law,1
"ithaca, ny",1
berkeley ca,1
"helsinki, finland",1
"goldsmiths, university of london",1
"olympic valley, ca",1
"the hague, netherlands",1
"montreal, quebec",1
"barcelona, spain",1
u.k,1
"chapel hill, nc",1
"columbia, sc",1
"toledo, spain",1
"myrtle beach, sc",1
"palo alto, ca",1
milwaukee county,1
lancaster county,1
"virginia beach, va",1
"pontiac, il",1
"tucker's town, bermuda",1
"monticello, mn",1
"sunnyvale, ca",1
"chaska, mn",1
"tulsa, ok",1
"omaha, ne",1
redondo,1
marco island,1
portsmouth,1
bristol,1
heidelberg,1
bellevue,1
dayton,1
newberg,1
id,1
coeur d'alene,1
huntington,1
san marcos,1
morgantown,1
victoria,1
b.c.,1
dubuque,1
io,1
canaan valley,1
hanover,1
greeley,1
cavanaugh's,1
coronado,1
columbine high school,1
mariposo county,1
yosemite,1
cedar rapids,1
prince william county,1
fairfax county,1
"oxford, u.k.",1
moscow,1
grand rapids,1
clay county,1
weld county,1
boulder county,1
n.d. fl.,1
"gottingen, germany",1
"clinton, ky",1
"syracuse, ny",1
"pensacola, fl",1
"seminole county, fl",1
nv 89557,1
lane county,1
rockdale county,1
"california state university, fullerton",1
"fullerton, ca",1
"miami beach, florida",1
durban,1
kwzulu-nata,1
"lake buena vista, fl",1
"humboldt co., ca",1
"lawrence, kansas",1
"garden city, ny",1
"grand rapids, michigan",1
"peterborough, ontario",1
asheville,1
"padova, italy",1
"neuchatel, switzerland",1
"grinnell, iowa",1
"athens, oh",1
pacific nw,1
"ames, iowa",1
"salem, ma",1
"univ park, pa",1
wash. dc.,1
"groningen, the netherlands",1
"enschede, netherlands",1
"hamilton, canada",1
"ossining, ny",1
"irving, tx",1
"hamilton park, nj",1
monroe county,1
"lamar, co",1
"fort bliss, tx",1
"des moines, ia",1
"san bernardino, ca",1
"pomona, ca",1
"lafayette, la",1
"hong kong, china",1
"edison, nj",1
"redwood shores, ca",1
"oak brooks hills, il",1
"mesa, az",1
western district of virginia,1
"baiona, spain",1
"guadalajara, spain",1
east sussex,1
"west sussex, uk",1
plummer park,1
angel's knoll,1
big rock mesa,1
hayden tract,1
runyon canyon,1
reseda,1
benedict canyon,1
east pasadena,1
silver lake,1
zuma canyon,1
playa vista,1
ballona creek,1
hondo field,1
sylmar,1
harbor city,1
echo park,1
"norfolk, va",1
"ankeny, ia",1
"budapest, hungary",1
"prague, czech republic",1
"beckman center, ca",1
"lleida, spain",1
"northridge, ca",1
"tempe, az",1
"lincoln, ne",1
"nicolet, canada",1
"maastricht, netherlands",1
"oslo, norway",1
"louisville, ky",1
"grand forks, nd",1
"jerusalem, israel",1
"glen ellyn, il",1
"pittsburg, pa",1
"granville, oh",1
"herndon, va",1
"la jolla, ca",1
"newport, ca",1
asilomar,1
ocean city,1
"nutley, nj",1
"wash., dc",1
sun valley,1
guildford,1
plattsburgh,1
yakima,1
west berlin,1
tysons,1
romania,1
cluj-napoca,1
zorro ranch road,1
eugene,1
port orchard,1
"egan, mn",1
"emeryville, ca",1
"englewood, co",1
"golden, co",1
"colorado springs, colorado",1
"mackinac island, michigan",1
"state college, pa",1
"charleston, south carolina",1
"clearwater, fl",1
"cambridge, md",1
"dalian, china",1
e.d.n.c.,1
aberdeen,1
lubbock,1
lisbon,1
belgium,1
champaign-urbana,1
newport,1
w. lafayette,1
niagara city,1
claremont mckenna,1
laguna,1
british columbia,1
puerto vallarta,1
la jolla,1
abroad,1
"vals, switzerland",1
silverado,1
"springfield, ma",1
"fargo, north dakota",1
"missoula, montana",1
"bellevue, washington",1
"tromso, norway",1
"alberta, canada",1
pain grand rounds,1
"winnipeg, manitoba, canada",1
"blaine, washington",1
"syracuse, new york",1
"ithaca, new york",1
panama canal zone,1
pacific islands,1
university of richmond,1
university of new mexico,1
"costa mesa, ca",1
"houston, tx",1
"hasbrouck heights, nj",1
"hattiesburg, ms",1
norfolk cnty.,1
"denver county, colorado",1
"natrona county, wyoming",1
"sandoval county, new mexico",1
"el paso county, colorado",1
"blaine county, idaho",1
"weld county, colorado",1
"savannah, ga",1
mahwah,1
maastricht,1
"cambridge, mass",1
columbine,1
delaware county,1
u.s. capitol,1
la quinta,1
kotzebue,1
mt. holly,1
"lisbon, portugal",1
frederick maryland,1
"jefferson county, alabama",1
caucasian,1
african american,1
"portland, oregon",1
"nassau, bahamas",1
penn state,1
sonoma county,1
"williamson county, tx",1
linn county,1
"miami-dade county, florida",1
"cook county, illinois",1
"hampshire, uk",1
stanford university medical center,1
"la quinta, ca",1
ucla medical center,1
w.d.n.c.,1
tex. app.,1
"port orchard, wa",1
"san rafael, ca",1
"central islip, ny",1
"tacoma, wa",1
"jefferson county, colorado",1
"bernalillo county, new mexico",1
"torrance, ca",1
manhasset hills,1
"queensland, australia",1
"nuremberg, germany",1
"lethbridge, canada",1
washington state,1
"lucca, italy",1
"valley forge, pa",1
macalester college,1
tuscon,1
bend,1
grand rounds,1
hamilton,1
dunedin,1
parksde,1
norman,1
pene,1
st. simons island,1
glasgow,1
baton rouge,1
manhattan beach,1
st. petersburg,1
la mirada,1
half moon bay,1
mclean,1
super. ct. app. div.,1
"bedford, ma",1
"lincolnshire, il",1
"bellevue, wa",1
mannheim,1
glendwood springs,1
san bernadino,1
troy,1
ventura,1
broomfield,1
"huntington beach, ca",1
gmbh berlin heidelberg,1
"greentop, mo",1
"cullompton, devon, uk",1
"orange county, fl",1
"miami-dade county, fl",1
"green county, wi",1
"palm beach county, fl",1
bramshill,1
hartley witney,1
hants,1
"villanova, pa",1
"annandale, va",1
"bangor, maine",1
"vancouver, b.c., canada",1
erie,1
"agoura hills, ca",1
"richardson, tx",1
"san mateo, california",1
"long beach, california",1
"sacramento, california",1
"phoenix, arizona",1
"media, pennsylvania",1
"portland, maine",1
"st louis, missouri",1
"winston-salem, north carolina",1
"santa rosa, california",1
"chatham, ontario, canada",1
falls church,1
ne,1
memphis,1
"newbury park, ca",1
"lexington, ms",1
ala,1
"toronto, ontario",1
"roanoke, virginia",1
"beverly hills, california",1
"chicago, illinois",1
3d. cir.,1
m.d. ala.,1
ridgefield ct,1
hudson river museum,1
st. paul's church,1
will county,1
pottawattamie county,1
"research triangle park, nc",1
richmond,1
staunton,1
lihue,1
"madison, wi",1
"pacific palisades, ca",1
"upper saddle river, nj",1
"225 broadway, suite 715",1
university of washington,1
"glenview, il",1
"thousand oaks, calif",1
ny & london,1
e.d. tenn,1
"brunswick, ga",1
"woodbridge, va",1
"pretoria, south africa",1
"sophia, bulgaria",1
la paloma,1
"appleton, pa",1
"dulles, va",1
east africa,1
plano,1
oakbrook,1
abbott park,1
ashville,1
lansing,1
bloomfield hills,1
"millersville, md",1
"vienna, va",1
"lake buena vista, florida",1
"maui, hawaii",1
"charleston, s.c.",1
"greenwich, co",1
"charlottesville, virginia",1
"hampshire, england",1
glouster county,1
trenton,1
guinea,1
mesa county,1
okmulgee county,1
"poway, ca",1
"torrey pines, ca",1
"deerfield, il",1
"beaverton, or",1
new york (e.d.n.y.),1
new york (s.d.n.y.),1
n.d.,1
federal courts,1
federal facilities,1
federal lands,1
senate,1
southern district of ny,1
foxwoods casino,1
el paso county,1
w.d. mo.,1
e.d. ark.,1
s.d.f.l,1
lap,1
sparta,1
town of ponce inlet,1
harvard law,1
e.d.la.,1
d.kan.,1
sunset park,1
western district of texas,1
east,1
state of new york,1
avenue of the americas,1
craigslist,1
metropolitan detention center brooklyn,1
niagara falls,1
northern counties,1
e.d. la.,1
cir.,1
harvard law review,1
w.va,1
edn.y.,1
el salvador,1
nassau cty.,1
ms,1
new britain,1
southern,1
department,1
d. s.c.,1
western district of new york,1
third circuit,1
"armonk, new york",1
"south salem, new york",1
s.ct.,1
w.d. wash.,1
palm beach house,1
st. an,1
e.d. tex.,1
downtown office,1
notre dame,1
middletown-wallkill,1
allegheny county,1
kennedy airport,1
cipriani wall street,1
ne house,1
long island division,1
new york city metropolitan area,1
foreign jurisdiction,1
palm beach county detention facility,1
manhattan county,1
putnam county,1
sullivan county,1
east side,1
warehouse,1
e.d. cal,1
"south salem, ny",1
egypt,1
n.d.tex.,1
coleman ii,1
s.d. tex.,1
belarus,1
jeffrey's home,1
jeffrey epstein's home,1
boeing,1
84th street apartment,1
massage room,1
interlochen arts camp,1
latin america,1
pete's tavern,1
pub across the street,1
movie theater,1
kinnerton residence,1
wpalm beach,1
grand junction,1
midlanda,1
34th & curtis,1
tal,1
florida state university (fsu),1
king co,1
nwrcyzn01 ny,1
pam beach,1
305 s county road,1
main branch,1
gun club branch,1
2768 kiowa avenue,1
st thoma,1
twincities mn,1
room,1
intl airport,1
tallahasse,1
gardens,1
el-brillo,1
345 county road pb 13,1
355 el billo,1
randolph ma,1
158 e. b'nolo,1
guest bedroom,1
first room,1
first bedroom,1
guest house office,1
5614 council rd wpb,1
1234 street wpb,1
358 el beile pb,1
royal palm/orange park,1
"waleska, georgia",1
daum beach,1
72nd,1
358 fel bello,1
bra,1
southampton,1
330 el dictador,1
kl. est pb,1
st lucia,1
town center,1
the mall,1
forest hill blvd.,1
357 e. dr ml 32811,1
fort lauderdale executive,1
a511-cbp-cyril e king,1
411 christopher's ct,1
"350 el brillway palm beach, fl 33480",1
330 el brilloway fc 33480,1
county facility,1
another state,1
345 s country road,1
3585 el lido,1
bridge,1
"wpb, fl",1
"250 australian avenue south, one clearlake centre",1
401 north dixie highway,1
358 fl-brillo,1
358 fl baillo,1
1234 n. 1st st.,1
northsalem ny,1
"new york, ny 10021",1
el brabo,1
pb fl,1
morrocan,1
vb,1
"lox, florida",1
crestridge cir,1
"port beach, florida",1
eight ridge,1
ferginai blvd,1
nwyrcyzn01,1
chtamsths vi,1
358 hwy blu to,1
1st floor s/w corner,1
ne bathroom,1
middle bedroom,1
foyer,1
bowling alley,1
ft la,1
345 s county road pb,1
2911,1
358 el rio,1
kravis center,1
cityplace,1
raleigh,1
polo club,1
marshalls,1
tj maxx,1
charlotsvl va,1
albuquurqe nm,1
moriarty nm,1
jurisdiction,1
"east 71st street new york, ny 10021",1
red hook quarter st thomas sta/vi,1
eis,1
4200 australian ave. wpb fl,1
"west palm beach, fla",1
fla,1
"westchester, co",1
m beach,1
"loxahatchee, fl",1
martinique,1
red hook quarters #3b,1
long island city,1
315 county road,1
pbvd,1
1558 el bamboo,1
henderson-hc,1
st thomas usvi,1
"manchester, n.h.",1
sunny isles blvd,1
tuscaloosa,1
al,1
263 nw florida,1
3588 nw 8th st,1
haleiv,1
305 s. 20th ave.,1
1234-78th st.,1
2100-78th st.,1
boca raton fl,1
saint thomas,1
one clearlake centre,1
st. barthelemy#arpt,1
guad,1
sbh,1
william b hartsfield,1
358 e 1 brd,1
men's bathroom,1
guest house,1
bookcase,1
office of kitchen,1
sunny road,1
county air,1
old donaldson rd,1
fsu,1
high ridge family center,1
sable palm school,1
"w palm beach, fl",1
king co int'l airp,1
yvr,1
3203 el brilliant way,1
"san juan, isla grande airport",1
"haleiwa, hi",1
elkwood,1
"a511-cbp-cyril e king, intl",1
fel bridge,1
intl,1
culebra,1
peterborough,1
el bridge,1
cbp-cyril e king,1
358 fl blvd,1
"evansville, in",1
juniper road,1
unknown area,1
boeing fld intl,1
bfi,1
mobile bra,1
245 county road mokena,1
cherokee county,1
358 el brallo,1
ro,1
"nym - shu - housing unit, special (shu) - 9 south shu",1
epstein,1
serbia,1
palm beach international,1
outside hospital,1
fajardo,1
noriega airport,1
29 north,1
8 phone monitor,1
27 north,1
12 osp #1,1
9 north internal,1
phx1a8ae2,1
phx602,1
phx340,1
spb,1
lewis,1
aiq,1
isla grande airport,1
isla grande,1
federal correctional institution,1
dl,1
bedford ma,1
st thomas is.,1
h s truman airport,1
special housing unit l-tier cell #220,1
unit 9 south,1
health service area,1
st barthelemy,1
hsu treatment room,1
cgmc,1
attorney conference,1
f5,1
manhattan mortuary,1
8 5 north,1
2 5 north,1
8 unit 2,1
back-middle,1
king co int'l apt,1
vancouver intl,1
mcc 2nd floor attorney conference room,1
jbq,1
9 south z06-220,1
z06-220,1
hewandrra airport,1
z05,1
lk,1
l-tier cell #220,1
2nd floor health service area,1
downtown beekman hospital,1
shu#1,1
shu#2,1
shu#3,1
shu#4,1
recreation office 1+2,1
caa,1
rrc,1
9 south 206.220,1
marsh harbour intl,1
truintel,1
phx1a8aes,1
muc1a0sys,1
st croix island,1
a54,1
#15,1
1st,1
ph,1
"horsham, pa",1
c,1
nce1a0955,1
oryevr,1
fxx,1
10 south housing unit,1
villa de porto azores,1
10-south housing unit,1
balcony area,1
tkxl,1
206-223,1
lk3,1
kstt,1
nycpar,1
general population unit,1
logan airport,1
santiago municipal,1
right forearm,1
heathrow,1
united states (us/usa),1
nycba,1
frankfurt main intl,1
etec,1
special housing unit l-lier cell#20,1
rus,1
tjsj,1
11n,1
"new york, new york 10007",1
postein,1
arb,1
sis,1
doj-otr,1
r&d,1
new york presbyterian lower manhattan hospital,1
lonba08x3,1
80 29th street,1
m-tier,1
right arm,1
tkok,1
eur,1
doj-otg,1
290 broadway,1
cab,1
baibond,1
ra,1
rel,1
del,1
u.s.a,1
p/m t w lobby,1
d/w s sa unit 3,1
var f sa atty conf,1
var t w 10 south #2,1
var s m phone monitor,1
medical room,1
ausa office,1
sanitation off,1
southeast region,1
nineteenth judicial circuit of florida,1
fifteenth judicial circuit of florida,1
o-south,1
shu obs,1
local hosp,1
h/a obs,1
b/a obs,1
z house,1
10 south unit,1
"shu, range 9 south",1
"810 seventh avenue, ste 620",1
10036,1
lieutenants' office,1
national lock box,1
d.c. jail,1
south #1,1
dr-1,1
new york region,1
lower manhattan,1
phone rm,1
3 control #2,1
2 unit 3,1
2 internal,1
27 south,1
87 north,1
bk,1
25 north,1
2 sanitation off,1
12 shu #1,1
12 unit 3,1
3 rec officer #1,1
emergency,1
cst,1
2nd & chestnut streets,1
12 unit 2,1
12 internal #2,1
colón,1
suicide watch room,1
range 9 south,1
ny 10007,1
lwop,1
8 phone rm 2(sp),1
maryland correctional institute at jessup,1
er-5,1
er-3,1
er-4,1
er-2,1
"tallahassee, fl",1
"320 first street, n.w.",1
"320 first street, nw",1
gold crest nursing facility,1
i-hosp,1
8 3 sally off,1
phone rm 2(sp),1
epstein's cell,1
9-south,1
"150 park row, new york, ny 10007",1
northeast regional office,1
10 south,1
r&d area,1
psychological observation,1
usp canaan,1
mfa area,1
captain sec,1
(sp)tnwdvr,1
(sp)epo office,1
eastell,1
11 south even,1
colon,1
calico,1
corpette,1
o tali,1
phone monitor,1
l-hosp,1
queens detention facility,1
9th floor,1
classroom,1
shower area,1
9 south,1
8 shu #1,1
escort off #2,1
2 7 north,1
shu property,1
sis lt #2,1
mdc/mcc,1
health services unit,1
"victorville, california",1
"natchez, mississippi",1
adams county correctional center,1
rec officer #2,1
southern new york,1
law library,1
staff bathroom,1
strip room,1
visiting strip room,1
cell: 102,1
interlocken,1
florida state university,1
colombian prison,1
santa fe county,1
d. mass,1
armonk,1
second floor south bathroom,1
french,1
city of n.y.,1
robing room,1
1 st. andrew's plaza,1
"santa fe, new mexico",1
new mexico (d.n.m.),1
kinko's,1
cell,1
flu/beq,1
lira,1
lemo,1
myv,1
n.gm,1
ebr,1
us virgin islds,1
q office,1
bat,1
inv,1
gro,1
obn,1
s00p,1
lss,1
stanhope mews east,1
trade ar nc,1
arn,1
anu,1
ord,1
mxp,1
a103,1
a271,1
jrbixwu,1
flu/sdv,1
lna/stt,1
st.thomas,1
fco,1
mil,1
xpw,1
ekch,1
ulli,1
"sacramento,ca",1
st.thomas 00802 vi,1
little st james,1
st thomas 00802 vi,1
no 331,1
the movie set,1
a natural grocery store,1
a western wear store,1
457 madison ave 4th fl,1
sqt cos,1
catp pds,1
tck,1
pca,1
durham office,1
pall mall,1
dallschool,1
34 east 69th street,1
tebi,1
xre,1
wem,1
mpr,1
ecq,1
beo,1
abo,1
zurro,1
mea,1
bxl,1
pst,1
oca,1
nasmo,1
tiss,1
north flagler drive,1
sto,1
ssp,1
71st street ny,1
116 e 65th,1
hjc,1
hjd,1
mpe,1
mpi,1
rjb,1
cec,1
zur,1
lgbb,1
fremont,1
rick,1
mbwj,1
man,1
mfp,1
sav/stt,1
jrb/sto,1
jrb/beb,1
jrb/cvt,1
o'hare international,1
"milan, malpensa",1
"antigua, v.c. bird intl",1
unknown,1
ordaz,1
providenciales,1
foreign port for vessels,1
"stockholm, arlanda",1
cbp-los angeles,1
lax term 5,1
"cruise terms 3, 4 and 5",1
cruise terminal e,1
airport cntrl terml,1
cbp-calgary,1
preclearance ap,1
cbp-newark,1
intl air term b,1
texico,1
bell school,1
"hurst, tx",1
otez,1
norwalk,1
sna,1
amp,1
xs1,1
phk,1
bck,1
sof,1
49 zorro ranch rd,1
tuc,1
esm,1
tbb,1
zt/stt,1
fil,1
457 madison avenue 4th floor,1
6100 red hook quarter suite b-3,1
djaa,1
lowell,1
lng,1
downstairs areas,1
powder room,1
sqt,1
psi,1
457 madison ave 14th floor,1
gmmc,1
watergate,1
catiana,1
no bpi,1
avo,1
lcc,1
beq,1
st thoams,1
rio hook quarters,1
pittsburgh pa,1
6100 red hook quarters #2,1
pba,1
excelsior,1
lpbz,1
bellsschool,1
otc2,1
tbi,1
116 e 65th street,1
oeb,1
ccl,1
new york 10278,1
"topeka, ks",1
bsl,1
mych,1
houston intercontinental,1
"mexico city, juarez international",1
"santo domingo, las americas",1
capitan carlos perez,1
iah,1
mex,1
sdq,1
dus,1
east ocean avenue,1
clare avenue,1
oswestry,1
shropshire,1
great wall of china,1
358 el br llo,1
gcc,1
spf,1
gyu,1
saf/tnf,1
saf/lon,1
rik,1
mbin,1
mio,1
mfd,1
xwu,1
mda,1
fpi,1
6100 rd hook qtrs b3,1
ebbr,1
djnaa,1
ut,1
hfd,1
"santa monica, ca",1
sherman oaks,1
leucadia,1
bfd,1
bathtub,1
tub,1
lv house,1
mopp,1
tgo,1
min,1
mlp,1
swindon,1
wilts,1
leml,1
ksfo,1
ecgw,1
"malibu, ca",1
new york ny 10022 6843 us,1
lmn,1
pdx,1
tapf,1
maxwell residence,1
pantry countertop,1
mtj,1
gki,1
raleigh - durham,1
london / heathrow,1
london / gatwick,1
john f kennedy,1
rdu,1
lgw,1
eipw,1
cle,1
ccf,1
rou,1
pse,1
"69 stanhope mews east, london sq7 5qt, united kingdom",1
"44 kinnerton street, london sw1x 8es, united kingdom",1
fpr,1
sua,1
x44,1
oak,1
hts,1
abi,1
apth 2,1
new york ny 10034,1
crs,1
stanley nm 87056 us,1
lcbb,1
othat store,1
hy,1
fpb,1
lgpa,1
andrews,1
txkf,1
tms,1
der,1
mtpp,1
agc,1
hampshire,1
cambo,1
ny 10022,1
vi 00802,1
grc,1
fiji,1
maxwell house,1
chablis,1
broully,1
gre,1
mer,1
the property,1
master bathroom,1
shower,1
towel room,1
pbl,1
10021,1
"10064 toluca lake ave north hollywood, ca 91602",1
457 madison ave new york ny 10022 6843 us,1
hst,1
exe,1
pss,1
rov,1
m33,1
cqt,1
tstj,1
tgb-iad,1
tgb-bct,1
tgb-bdn,1
jrb/tnf,1
myem,1
tsb,1
pub,1
sus,1
marina city dr aptninia del reyca 90292,1
nassau intl,1
luton international,1
"london, stansted",1
ltn,1
bathrooms,1
bedrooms,1
butler's pantry,1
phantom,1
hya,1
mts,1
"murray, ut",1
"montrose, co",1
"grand island, ne",1
epstein's ranch,1
laxed,1
travis,1
tkb,1
sji,1
delavan,1
bendix,1
jvx (lg+),1
itou,1
lfpa,1
zanno ranch rd,1
stanley nm 87505 us,1
bgi,1
lfpo,1
lfnn,1
l1ml,1
lfml,1
eggn,1
kno,1
msa,1
bdp,1
ymx,1
lit,1
legr,1
mr4,1
suite b-3,1
"marina city dr/mar na del rey,ca 90292",1
"irvine, california",1
soviet union,1
lake mangonia,1
banyan cay resort & golf,1
palm beach outlets,1
palm beach lakes blvd,1
westgate palm beach international airport,1
norton museum of art,1
cloud lake,1
south florida science center,1
tsm,1
tnf,1
fty,1
lepb,1
kensington and chelsea,1
home base,1
pbj,1
lfbb,1
trinity road,1
tbsx,1
tqpf,1
sacz,1
toledo,1
tejs,1
bgs,1
m19,1
sal,1
mmz,1
ofa,1
sff,1
lnb,1
"telemone, nc",1
pri,1
teeterboro,1
bradley ap,1
bahamas,1
eastern district of virginia,1
district ct.,1
d. minn.,1
pakistan,1
république,1
fremont county,1
west village,1
d. del.,1
colombian,1
lithuania,1
dakar,1
senegal,1
lybia,1
southern district of georgia,1
great st james island,1
little st james island,1
d.s.d.,1
east 71st mansion,1
chinatown,1
western wa,1
lincoln center,1
district of utah,1
kazakh,1
college hill,1
western washington,1
unit 10 south,1
111 centre street,1
one hogan place,1
153 east 53rd street,1
world trade center,1
airports,1
10022,1
"new york, ny 10022",1
inner room,1
walpole,1
bankr. s.d.n.y.,1
james c cleveland federal bldg,1
alabaster,1
plantation,1
bop facilities,1
d. neb.,1
stanely,1
guernsey,1
republic of korea,1
bar,1
new york times,1
10th avenue,1
19th street,1
courtroom 17b,1
ninth floor,1
shu unit,1
north dakota,1
pontiac,1
denver co 80203,1
new york ny 10007,1
"paris, france",1
cayman islands,1
syria,1
macedonia,1
holland,1
gb,1
marseilles,1
tobago,1
new york harbor,1
jeffrey's island,1
jails,1
greece,1
chili,1
slovenia,1
falkland islands,1
trinidad and tobago,1
florence,1
w.d.n.y,1
"new york, new york 10036",1
sixth circuit,1
cassadaga valley cent. sch. dist.,1
larko,1
yara,1
fla.,1
south ken,1
kenya,1
state prison facility,1
courtroom 318,1
"courtrooms 110, 506, 905, and 906",1
control center,1
white plains courthouse,1
eastern district of north carolina,1
eastern district of michigan,1
n.d. ga.,1
jeffrey 71st,1
rdv,1
lg4,1
"hackensack, nj",1
new york 10036,1
town of palm beach,1
northern district of florida,1
aspen club,1
au bar,1
bel air hotel,1
beverly hills hotel,1
"tahoe, kinney garage",1
n.y,1
n.m,1
p.b,1
dubin,1
hbn,1
special housing unit (shu),1
island(1),1
tgr,1
molise rivers,1
brooklyn detention center,1
silvio j. mollo building,1
e. africa,1
subway,1
artcc,1
courtrooms 110,1
colomb,1
el simon,1
"teterboro, n.j.",1
"saint john, indiana",1
kpai,1
european parliament,1
customs,1
apt. 1901,1
reston,1
boonies,1
peanut island,1
"rapid city, s.d.",1
"atlanta, ga.",1
"boise, idaho",1
hotel,1
st. barths,1
kitchen staff office,1
cabana room,1
n. ocean blvd,1
greenacres,1
kjfk,1
1685 61st drive,1
"west palm beach, fl 33412",1
"palm beach, fl 000033480",1
walmart,1
35b el brillo wy,1
riata,1
"5580, okeechobee blvd",1
"265, sunset ave",1
"289, sunset blvd",1
2401 pga blvd,1
"151., n county road",1
"528, clematis street",1
"255, royal poinciana way",1
"401, south county road",1
340 south county,1
"2600, florida avenue",1
teborboro,1
"royal palm beach, fl",1
m. beach,1
robson's residence,1
hampstead,1
jipiter fl,1
hartsfield,1
juvenile assessment center,1
16745 w downers,1
niger,1
200 bahama lane,1
hollywood fl,1
"wellington, fl",1
zuni,1
116 a east 65th st,1
embassy,1
good sam hospital,1
boat place,1
edmonton,1
copenhagen,1
mit,1
nicosia,1
bangkok,1
ljubljana,1
100 bahama lane,1
100 blk bahama lane,1
bahia cabana lane,1
ft lauderdale,1
wellington green,1
lakes,1
wpb,1
lake park,1
806 old dixie hwy,1
durango,1
folsom,1
family center,1
juno beach,1
lantana,1
"quantico, va.",1
pine,1
the olive garden restaurant,1
"palm springs, fl",1
norm ocean blvd,1
nyc office,1
harvard university,1
frankfurt,1
amonk,1
cologne,1
walblake,1
pansy,1
ky.,1
boy road,1
downers road,1
palm beach county estates,1
douglas,1
ft lauderda,1
fll intl,1
eric's residence,1
tyrone,1
dade county,1
4200 n australian av,1
4900 summit bv,1
201 cypress tr,1
westgate,1
ipameta,1
"west palm beach, fl 33401",1
401 n. dixie highway,1
250 s australian avenue,1
250 australian avenue south,1
"centurion tower, suite 1110",1
1601 forum place,1
"515 n. flagler drive, suite 400",1
n australian av,1
summit bv,1
cypress tr,1
buenos aires,1
taipei,1
"san jose, ca.",1
manila,1
glenn,1
carrabba's restaurant,1
"columbus, oh",1
mayberry,1
1558 velvet place e,1
4938 21 road north,1
barnes and noble,1
skatezone,1
gen clara road west palm beach,1
convention center,1
belmare lane,1
winnipeg,1
biella,1
west. palm beach,1
f.l.,1
waverly inn,1
havana,1
homestead,1
palatka,1
st. augustine,1
rph,1
jj mugs,1
nw florde,1
glen,1
marthas vineyard,1
devens,1
sutton place,1
pai,1
green's pharmacy,1
fairfax,1
pans,1
blue room,1
"new york, n.y",1
"justice, ca",1
north county road,1
abe gosman estate,1
phoenix az,1
nashua nh,1
"358 el brillo way, palm beach, fl",1
"250 s australian ave, west palm beach, fl",1
steven's house,1
coral springs,1
sparkland,1
lugna beach,1
o.c.,1
calif,1
capital charore n.c.,1
peking,1
beach mall,1
457 madison ave.,1
teberboro,1
palm beach national bank,1
fern street,1
pine terrace,1
north point parkway,1
w palm bch,1
"durango, colo.",1
"folsom, calif.",1
century club,1
east village,1
"358 el brillo ave, palm beach",1
il villaggio,1
port st,1
el billo,1
room 1600,1
schertz,1
md.,1
n,1
stuttgart,1
arnhem,1
fort myers,1
palm bch,1
rockville,1
south flagler dr.,1
"devens, massachusetts",1
7318 heathley drive,1
8358 xanthus lane,1
usv1,1
sw1x8es,1
licking county,1
laguna beach,1
dark store,1
"ft. myers, fl",1
brian's house,1
"gwinnett county, ga",1
simon,1
garfunkle,1
n.c.,1
maimi,1
tonawanda ny,1
orlando fl,1
ftlauderdl fl,1
afrion,1
big apple,1
pbeach,1
north salem,1
"coconut grove, florida",1
jj's,1
palestine,1
boca raton blvd,1
15th ave n. boca raton,1
summit county,1
kingsley road,1
police station,1
juno,1
summit,1
"1515 south flagler drive, west palm beach",1
dalton,1
epstein's garage,1
epstein's library/office,1
travers dead end,1
the kitchen,1
the room,1
the house,1
main street,1
olive garden,1
rpb,1
"room 4-a, juvenile court's building",1
spankys downtown,1
pompano bch fl,1
texaco,1
hampden,1
la mancha park,1
1011 west forest,1
wellington green mall,1
358 el brillo ave,1
gym field,1
west downers drive,1
del.,1
"decatur, ga",1
1515 so flagler dr. #1901,1
525 so sequoia apt. a,1
200 banyan lane,1
400 block banyan lane,1
3200 coun cwa road west palm beach fl.,1
great park circle,1
carsana,1
jakarta,1
"chevy chase, md",1
bilbao-vizcaya,1
monterrey,1
annapolis,1
saskatchewan,1
miamifl,1
